{
  "full_dataset": {
    "full_dataset": {
      "answer_relevancy": 0.7557863566622726,
      "faithfulness": 0.8349106449106448,
      "context_recall": 0.9378787878787878,
      "context_precision": 0.693372890264317,
      "answer_correctness": 0.7326942879344986,
      "EM": 0.07272727272727272,
      "F1": 0.5236181391703838,
      "avg_retrieve_context": 0.06521523649042303,
      "avg_llm_response": 1.592422266439958,
      "avg_total": 1.6576375029303811,
      "sample_size": 110
    }
  },
  "RFP_id": {
    "infra_1": {
      "answer_relevancy": 0.853810566012136,
      "faithfulness": 0.9682539682539684,
      "context_recall": 0.9603174603174602,
      "context_precision": 0.7757715404028321,
      "answer_correctness": 0.7453089035185686,
      "EM": 0.0,
      "F1": 0.3865558511774243,
      "avg_retrieve_context": 0.06521523649042303,
      "avg_llm_response": 2.4986630962008523,
      "avg_total": 2.5638783326912753,
      "sample_size": 21
    },
    "infra_2": {
      "answer_relevancy": 0.6551076516096402,
      "faithfulness": 0.6709401709401709,
      "context_recall": 0.8461538461538461,
      "context_precision": 0.7080848994007047,
      "answer_correctness": 0.6594105400459824,
      "EM": 0.07692307692307693,
      "F1": 0.5102249970846512,
      "avg_retrieve_context": 0.06521523649042303,
      "avg_llm_response": 1.8305855714357817,
      "avg_total": 1.895800807926205,
      "sample_size": 13
    },
    "infra_3": {
      "answer_relevancy": 0.7945334108277714,
      "faithfulness": 0.875,
      "context_recall": 1.0,
      "context_precision": 0.7394300143891752,
      "answer_correctness": 0.7394741578350391,
      "EM": 0.0,
      "F1": 0.4330239558979512,
      "avg_retrieve_context": 0.06521523649042303,
      "avg_llm_response": 1.2097068428993225,
      "avg_total": 1.2749220793897458,
      "sample_size": 12
    },
    "infra_4": {
      "answer_relevancy": 0.7320107361439038,
      "faithfulness": 0.7715201465201466,
      "context_recall": 1.0,
      "context_precision": 0.8630929387614784,
      "answer_correctness": 0.6408027401923225,
      "EM": 0.07142857142857142,
      "F1": 0.5497927791799487,
      "avg_retrieve_context": 0.06521523649042303,
      "avg_llm_response": 1.251159974506923,
      "avg_total": 1.3163752109973466,
      "sample_size": 14
    },
    "natsec_1": {
      "answer_relevancy": 0.7777509270400915,
      "faithfulness": 0.875,
      "context_recall": 1.0,
      "context_precision": 0.7649861712038203,
      "answer_correctness": 0.7591550727200781,
      "EM": 0.0,
      "F1": 0.42345937965357217,
      "avg_retrieve_context": 0.06521523649042303,
      "avg_llm_response": 0.8985315163930258,
      "avg_total": 0.9637467528834488,
      "sample_size": 6
    },
    "natsec_2": {
      "answer_relevancy": 0.758502700905387,
      "faithfulness": 0.76,
      "context_recall": 1.0,
      "context_precision": 0.6733333332852223,
      "answer_correctness": 0.6593691898435365,
      "EM": 0.0,
      "F1": 0.438245578710695,
      "avg_retrieve_context": 0.06521523649042303,
      "avg_llm_response": 1.5729866981506349,
      "avg_total": 1.638201934641058,
      "sample_size": 5
    },
    "natsec_3": {
      "answer_relevancy": 0.9600834977431081,
      "faithfulness": 1.0,
      "context_recall": 1.0,
      "context_precision": 0.8696859621494174,
      "answer_correctness": 0.8398930331841968,
      "EM": 0.0,
      "F1": 0.5433664364540252,
      "avg_retrieve_context": 0.06521523649042303,
      "avg_llm_response": 1.5239723920822144,
      "avg_total": 1.5891876285726374,
      "sample_size": 8
    },
    "natsec_4": {
      "answer_relevancy": 0.9854689669752439,
      "faithfulness": 0.75,
      "context_recall": 0.8333333333333334,
      "context_precision": 0.7344474969107853,
      "answer_correctness": 0.7653758398321996,
      "EM": 0.0,
      "F1": 0.66651728100157,
      "avg_retrieve_context": 0.06521523649042303,
      "avg_llm_response": 0.9677177667617798,
      "avg_total": 1.0329330032522028,
      "sample_size": 6
    },
    "natsec_5": {
      "answer_relevancy": 0.9380695874287696,
      "faithfulness": 0.8222222222222223,
      "context_recall": 0.8333333333333334,
      "context_precision": 0.5547634875306128,
      "answer_correctness": 0.6267515615146602,
      "EM": 0.0,
      "F1": 0.5312325501716384,
      "avg_retrieve_context": 0.06521523649042303,
      "avg_llm_response": 1.9143476883570354,
      "avg_total": 1.9795629248474587,
      "sample_size": 6
    },
    "natsec_6": {
      "answer_relevancy": 0.9148885371626265,
      "faithfulness": 0.875,
      "context_recall": 1.0,
      "context_precision": 0.8910261497519275,
      "answer_correctness": 0.8121435180084526,
      "EM": 0.0,
      "F1": 0.5968096127182202,
      "avg_retrieve_context": 0.06521523649042303,
      "avg_llm_response": 1.5005426406860352,
      "avg_total": 1.5657578771764582,
      "sample_size": 4
    },
    "natsec_7": {
      "answer_relevancy": 0.9184557884531867,
      "faithfulness": 1.0,
      "context_recall": 1.0,
      "context_precision": 0.7699855699423667,
      "answer_correctness": 0.953760649293605,
      "EM": 0.0,
      "F1": 0.5934065934065934,
      "avg_retrieve_context": 0.06521523649042303,
      "avg_llm_response": 2.261464754740397,
      "avg_total": 2.32667999123082,
      "sample_size": 3
    },
    "natsec_8": {
      "answer_relevancy": 0.944539671805349,
      "faithfulness": 1.0,
      "context_recall": 1.0,
      "context_precision": 0.6704545454363636,
      "answer_correctness": 0.6727880595535588,
      "EM": 0.0,
      "F1": 0.4272357723577236,
      "avg_retrieve_context": 0.06521523649042303,
      "avg_llm_response": 1.7770799398422241,
      "avg_total": 1.8422951763326472,
      "sample_size": 2
    },
    "negative_rejection": {
      "answer_relevancy": 0.09226074069646865,
      "faithfulness": 0.65,
      "context_recall": 0.8,
      "context_precision": 0.0,
      "answer_correctness": 0.8148502223479523,
      "EM": 0.6,
      "F1": 0.8666666666666666,
      "avg_retrieve_context": 0.06521523649042303,
      "avg_llm_response": 0.7783170938491821,
      "avg_total": 0.8435323303396052,
      "sample_size": 10
    }
  },
  "RFP_type": {
    "infra": {
      "answer_relevancy": 0.7704828765521349,
      "faithfulness": 0.8392806267806266,
      "context_recall": 0.9527777777777777,
      "context_precision": 0.7748023278239027,
      "answer_correctness": 0.7011458708533451,
      "EM": 0.03333333333333333,
      "F1": 0.46073307026868454,
      "avg_retrieve_context": 0.06521523649042303,
      "avg_llm_response": 1.8050376534461976,
      "avg_total": 1.8702528899366204,
      "sample_size": 60
    },
    "natsec": {
      "answer_relevancy": 0.8996229808189298,
      "faithfulness": 0.8745833333333334,
      "context_recall": 0.95,
      "context_precision": 0.7466076924300074,
      "answer_correctness": 0.7594779299528657,
      "EM": 0.0,
      "F1": 0.5321836106488617,
      "avg_retrieve_context": 0.06521523649042303,
      "avg_llm_response": 1.4770254790782928,
      "avg_total": 1.5422407155687161,
      "sample_size": 40
    },
    "negative_rejection": {
      "answer_relevancy": 0.09226074069646865,
      "faithfulness": 0.65,
      "context_recall": 0.8,
      "context_precision": 0.0,
      "answer_correctness": 0.8148502223479523,
      "EM": 0.6,
      "F1": 0.8666666666666666,
      "avg_retrieve_context": 0.06521523649042303,
      "avg_llm_response": 0.7783170938491821,
      "avg_total": 0.8435323303396052,
      "sample_size": 10
    }
  },
  "chunks_length": {
    "0": {
      "answer_relevancy": 0.09226074069646865,
      "faithfulness": 0.65,
      "context_recall": 0.8,
      "context_precision": 0.0,
      "answer_correctness": 0.8148502223479523,
      "EM": 0.6,
      "F1": 0.8666666666666666,
      "avg_retrieve_context": 0.06521523649042303,
      "avg_llm_response": 0.7783170938491821,