{
  "full_dataset": {
    "full_dataset": {
      "answer_relevancy": 0.7409221713912664,
      "faithfulness": 0.84224124360488,
      "context_recall": 0.9454545454545454,
      "context_precision": 0.7247739927285614,
      "answer_correctness": 0.68706409864848,
      "EM": 0.02727272727272727,
      "F1": 0.4872591837617386,
      "avg_retrieve_context": 0.1623417659239335,
      "avg_llm_response": 1.6461047085848721,
      "avg_total": 1.8084464745088062,
      "sample_size": 110
    }
  },
  "RFP_id": {
    "infra_1": {
      "answer_relevancy": 0.6721293634216078,
      "faithfulness": 0.813888888888889,
      "context_recall": 0.9285714285714286,
      "context_precision": 0.8253049976206943,
      "answer_correctness": 0.584451932818746,
      "EM": 0.0,
      "F1": 0.3147377025797667,
      "avg_retrieve_context": 0.16234176592393357,
      "avg_llm_response": 1.6682488577706474,
      "avg_total": 1.830590623694581,
      "sample_size": 21
    },
    "infra_2": {
      "answer_relevancy": 0.7091152997339655,
      "faithfulness": 0.7948717948717949,
      "context_recall": 0.8846153846153846,
      "context_precision": 0.7205097679817468,
      "answer_correctness": 0.6190183682327697,
      "EM": 0.0,
      "F1": 0.4928634694832778,
      "avg_retrieve_context": 0.1623417659239335,
      "avg_llm_response": 1.6904604801764855,
      "avg_total": 1.8528022461004192,
      "sample_size": 13
    },
    "infra_3": {
      "answer_relevancy": 0.7883284790141004,
      "faithfulness": 0.861111111111111,
      "context_recall": 1.0,
      "context_precision": 0.8772222221713838,
      "answer_correctness": 0.6572074711459218,
      "EM": 0.0,
      "F1": 0.4238400654090578,
      "avg_retrieve_context": 0.1623417659239335,
      "avg_llm_response": 1.2196526924769084,
      "avg_total": 1.3819944584008417,
      "sample_size": 12
    },
    "infra_4": {
      "answer_relevancy": 0.8066071436877096,
      "faithfulness": 0.8682900432900433,
      "context_recall": 1.0,
      "context_precision": 0.7476182377320014,
      "answer_correctness": 0.7304072048008419,
      "EM": 0.0,
      "F1": 0.5270315689968712,
      "avg_retrieve_context": 0.1623417659239335,
      "avg_llm_response": 2.061162999698094,
      "avg_total": 2.2235047656220277,
      "sample_size": 14
    },
    "natsec_1": {
      "answer_relevancy": 0.9496959918448885,
      "faithfulness": 0.9722222222222223,
      "context_recall": 1.0,
      "context_precision": 0.7349454364823239,
      "answer_correctness": 0.8460333284566331,
      "EM": 0.0,
      "F1": 0.5325353634493163,
      "avg_retrieve_context": 0.16234176592393354,
      "avg_llm_response": 1.6397068897883098,
      "avg_total": 1.8020486557122435,
      "sample_size": 6
    },
    "natsec_2": {
      "answer_relevancy": 0.9319969314968398,
      "faithfulness": 0.9333333333333332,
      "context_recall": 1.0,
      "context_precision": 0.7633333332860556,
      "answer_correctness": 0.7762504854781073,
      "EM": 0.0,
      "F1": 0.5859845661584793,
      "avg_retrieve_context": 0.16234176592393354,
      "avg_llm_response": 1.5140626430511475,
      "avg_total": 1.6764044089750807,
      "sample_size": 5
    },
    "natsec_3": {
      "answer_relevancy": 0.9523059585153919,
      "faithfulness": 0.9665178571428572,
      "context_recall": 1.0,
      "context_precision": 0.891121031715044,
      "answer_correctness": 0.6972703319352336,
      "EM": 0.0,
      "F1": 0.532827624563558,
      "avg_retrieve_context": 0.16234176592393354,
      "avg_llm_response": 1.2395120561122894,
      "avg_total": 1.4018538220362229,
      "sample_size": 8
    },
    "natsec_4": {
      "answer_relevancy": 0.7986138710122583,
      "faithfulness": 0.9166666666666666,
      "context_recall": 0.8333333333333334,
      "context_precision": 0.8026785713763046,
      "answer_correctness": 0.6013075266235642,
      "EM": 0.0,
      "F1": 0.4984525854038344,
      "avg_retrieve_context": 0.16234176592393354,
      "avg_llm_response": 2.295423467954,
      "avg_total": 2.4577652338779337,
      "sample_size": 6
    },
    "natsec_5": {
      "answer_relevancy": 0.9589622824266338,
      "faithfulness": 0.75,
      "context_recall": 0.8333333333333334,
      "context_precision": 0.816485706915857,
      "answer_correctness": 0.6502378628441879,
      "EM": 0.0,
      "F1": 0.49141961409763263,
      "avg_retrieve_context": 0.16234176592393354,
      "avg_llm_response": 2.2784043550491333,
      "avg_total": 2.440746120973067,
      "sample_size": 6
    },
    "natsec_6": {
      "answer_relevancy": 0.6704174994206245,
      "faithfulness": 0.875,
      "context_recall": 1.0,
      "context_precision": 0.6736111110961459,
      "answer_correctness": 0.6112548762889973,
      "EM": 0.0,
      "F1": 0.3833742415648258,
      "avg_retrieve_context": 0.16234176592393354,
      "avg_llm_response": 1.4068477749824524,
      "avg_total": 1.5691895409063858,
      "sample_size": 4
    },
    "natsec_7": {
      "answer_relevancy": 0.8709741743648403,
      "faithfulness": 1.0,
      "context_recall": 1.0,
      "context_precision": 0.8396825396400759,
      "answer_correctness": 0.9557963317851215,
      "EM": 0.0,
      "F1": 0.6226318484383001,
      "avg_retrieve_context": 0.16234176592393354,
      "avg_llm_response": 2.3616276582082114,
      "avg_total": 2.523969424132145,
      "sample_size": 3
    },
    "natsec_8": {
      "answer_relevancy": 0.9460272096895002,
      "faithfulness": 1.0,
      "context_recall": 1.0,
      "context_precision": 0.87499999996875,
      "answer_correctness": 0.9820161396984002,
      "EM": 0.0,
      "F1": 0.4722222222222222,
      "avg_retrieve_context": 0.16234176592393354,
      "avg_llm_response": 1.0135788917541504,
      "avg_total": 1.1759206576780838,
      "sample_size": 2
    },
    "negative_rejection": {
      "answer_relevancy": 0.17070694273808057,
      "faithfulness": 0.6,
      "context_recall": 0.9,
      "context_precision": 0.0,
      "answer_correctness": 0.782280278382343,
      "EM": 0.3,
      "F1": 0.7444444444444445,
      "avg_retrieve_context": 0.1623417659239335,
      "avg_llm_response": 1.1063141584396363,
      "avg_total": 1.26865592436357,
      "sample_size": 10
    }
  },
  "RFP_type": {
    "infra": {
      "answer_relevancy": 0.7347609548032076,
      "faithfulness": 0.8319065656565656,
      "context_recall": 0.95,
      "context_precision": 0.7948558988016985,
      "answer_correctness": 0.6405486649530422,
      "EM": 0.0,
      "F1": 0.42468732680537674,
      "avg_retrieve_context": 0.16234176592393357,
      "avg_llm_response": 1.6750221093495687,
      "avg_total": 1.8373638752735022,
      "sample_size": 60
    },
    "natsec": {
      "answer_relevancy": 0.892717803436651,
      "faithfulness": 0.9183035714285716,
      "context_recall": 0.95,
      "context_precision": 0.8008446318009963,
      "answer_correctness": 0.7330332042581718,
      "EM": 0.0,
      "F1": 0.5168206540256053,
      "avg_retrieve_context": 0.16234176592393354,
      "avg_llm_response": 1.7376762449741363,
      "avg_total": 1.90001801089807,
      "sample_size": 40
    },
    "negative_rejection": {
      "answer_relevancy": 0.17070694273808057,
      "faithfulness": 0.6,
      "context_recall": 0.9,
      "context_precision": 0.0,
      "answer_correctness": 0.782280278382343,
      "EM": 0.3,
      "F1": 0.7444444444444445,
      "avg_retrieve_context": 0.1623417659239335,
      "avg_llm_response": 1.1063141584396363,
      "avg_total": 1.26865592436357,
      "sample_size": 10
    }
  },
  "chunks_length": {
    "0": {
      "answer_relevancy": 0.17070694273808057,
      "faithfulness": 0.6,
      "context_recall": 0.9,
      "context_precision": 0.0,
      "answer_correctness": 0.782280278382343,
      "EM": 0.3,
      "F1": 0.7444444444444445,
      "avg_retrieve_context": 0.1623417659239335,
      "avg_llm_response": 1.1063141584396363,
      "avg_total": 1.26865592436357,