{
  "full_dataset": {
    "full_dataset": {
      "answer_relevancy": 0.7168711200994274,
      "faithfulness": 0.8228640299094845,
      "context_recall": 0.9454545454545454,
      "context_precision": 0.6876004079399147,
      "answer_correctness": 0.6952839525374253,
      "EM": 0.02727272727272727,
      "F1": 0.483254383935311,
      "avg_retrieve_context": 0.09237902814691719,
      "avg_llm_response": 1.9009915655309504,
      "avg_total": 1.9933705936778678,
      "sample_size": 110
    }
  },
  "RFP_id": {
    "infra_1": {
      "answer_relevancy": 0.6712956162756348,
      "faithfulness": 0.8035714285714286,
      "context_recall": 0.9285714285714286,
      "context_precision": 0.7918458694087767,
      "answer_correctness": 0.5950843032308312,
      "EM": 0.0,
      "F1": 0.3010371904468342,
      "avg_retrieve_context": 0.09237902814691719,
      "avg_llm_response": 1.8712670803070068,
      "avg_total": 1.9636461084539234,
      "sample_size": 21
    },
    "infra_2": {
      "answer_relevancy": 0.7233110834011232,
      "faithfulness": 0.7664835164835164,
      "context_recall": 0.8846153846153846,
      "context_precision": 0.7059645909369416,
      "answer_correctness": 0.6947751087128291,
      "EM": 0.0,
      "F1": 0.5582164927324845,
      "avg_retrieve_context": 0.0923790281469172,
      "avg_llm_response": 2.3327840841733494,
      "avg_total": 2.425163112320267,
      "sample_size": 13
    },
    "infra_3": {
      "answer_relevancy": 0.7920132012783926,
      "faithfulness": 0.875,
      "context_recall": 1.0,
      "context_precision": 0.8483333332882926,
      "answer_correctness": 0.6913680034189666,
      "EM": 0.0,
      "F1": 0.4266274038471516,
      "avg_retrieve_context": 0.09237902814691719,
      "avg_llm_response": 1.107321818669637,
      "avg_total": 1.1997008468165542,
      "sample_size": 12
    },
    "infra_4": {
      "answer_relevancy": 0.6759113420660972,
      "faithfulness": 0.8863636363636365,
      "context_recall": 1.0,
      "context_precision": 0.6796416612136126,
      "answer_correctness": 0.5680976631244147,
      "EM": 0.0,
      "F1": 0.44695191631450815,
      "avg_retrieve_context": 0.0923790281469172,
      "avg_llm_response": 1.5683486461639404,
      "avg_total": 1.6607276743108577,
      "sample_size": 14
    },
    "natsec_1": {
      "answer_relevancy": 0.7788814613609009,
      "faithfulness": 0.75,
      "context_recall": 1.0,
      "context_precision": 0.7308513297176082,
      "answer_correctness": 0.7925195602504641,
      "EM": 0.0,
      "F1": 0.5408200174008998,
      "avg_retrieve_context": 0.09237902814691717,
      "avg_llm_response": 2.1090817054112754,
      "avg_total": 2.2014607335581924,
      "sample_size": 6
    },
    "natsec_2": {
      "answer_relevancy": 0.9227942679769774,
      "faithfulness": 0.9333333333333332,
      "context_recall": 1.0,
      "context_precision": 0.7188888888464259,
      "answer_correctness": 0.8500431235983197,
      "EM": 0.0,
      "F1": 0.5659511206963362,
      "avg_retrieve_context": 0.09237902814691717,
      "avg_llm_response": 2.3933216094970704,
      "avg_total": 2.4857006376439874,
      "sample_size": 5
    },
    "natsec_3": {
      "answer_relevancy": 0.9602353879181029,
      "faithfulness": 0.9375,
      "context_recall": 1.0,
      "context_precision": 0.8649900793360267,
      "answer_correctness": 0.8210322954137984,
      "EM": 0.0,
      "F1": 0.4983054562127308,
      "avg_retrieve_context": 0.09237902814691717,
      "avg_llm_response": 1.8677583932876587,
      "avg_total": 1.9601374214345757,
      "sample_size": 8
    },
    "natsec_4": {
      "answer_relevancy": 0.9462278896830548,
      "faithfulness": 0.7944444444444444,
      "context_recall": 0.8333333333333334,
      "context_precision": 0.6880823541172297,
      "answer_correctness": 0.6771921476569203,
      "EM": 0.0,
      "F1": 0.5762215516621331,
      "avg_retrieve_context": 0.09237902814691717,
      "avg_llm_response": 1.8507306178410847,
      "avg_total": 1.9431096459880017,
      "sample_size": 6
    },
    "natsec_5": {
      "answer_relevancy": 0.9582085881393314,
      "faithfulness": 0.9166666666666666,
      "context_recall": 0.8333333333333334,
      "context_precision": 0.7361954414508357,
      "answer_correctness": 0.6299585448917854,
      "EM": 0.0,
      "F1": 0.4698977351151264,
      "avg_retrieve_context": 0.09237902814691717,
      "avg_llm_response": 4.18088420232137,
      "avg_total": 4.273263230468287,
      "sample_size": 6
    },
    "natsec_6": {
      "answer_relevancy": 0.6589462837605523,
      "faithfulness": 0.8333333333333333,
      "context_recall": 1.0,
      "context_precision": 0.6423520923389897,
      "answer_correctness": 0.7249353384412683,
      "EM": 0.0,
      "F1": 0.5263157894736842,
      "avg_retrieve_context": 0.09237902814691717,
      "avg_llm_response": 1.26109379529953,
      "avg_total": 1.3534728234464473,
      "sample_size": 4
    },
    "natsec_7": {
      "answer_relevancy": 0.5740267458124749,
      "faithfulness": 0.8333333333333334,
      "context_recall": 1.0,
      "context_precision": 0.8477624667689309,
      "answer_correctness": 0.7262711332403603,
      "EM": 0.0,
      "F1": 0.4733873325422621,
      "avg_retrieve_context": 0.09237902814691717,
      "avg_llm_response": 2.478665272394816,
      "avg_total": 2.571044300541733,
      "sample_size": 3
    },
    "natsec_8": {
      "answer_relevancy": 0.9458197579224711,
      "faithfulness": 0.75,
      "context_recall": 1.0,
      "context_precision": 0.7884615384394231,
      "answer_correctness": 0.8227569080259254,
      "EM": 0.0,
      "F1": 0.41963545981772993,
      "avg_retrieve_context": 0.09237902814691717,
      "avg_llm_response": 2.148719549179077,
      "avg_total": 2.241098577325994,
      "sample_size": 2
    },
    "negative_rejection": {
      "answer_relevancy": 0.17433870140140115,
      "faithfulness": 0.65,
      "context_recall": 0.9,
      "context_precision": 0.0,
      "answer_correctness": 0.8562040605598128,
      "EM": 0.3,
      "F1": 0.75,
      "avg_retrieve_context": 0.09237902814691719,
      "avg_llm_response": 1.171086311340332,
      "avg_total": 1.263465339487249,
      "sample_size": 10
    }
  },
  "RFP_type": {
    "infra": {
      "answer_relevancy": 0.7077861538378166,
      "faithfulness": 0.8291396103896105,
      "context_recall": 0.95,
      "context_precision": 0.7583547699369106,
      "answer_correctness": 0.6296438350980605,
      "EM": 0.0,
      "F1": 0.4159241846579126,
      "avg_retrieve_context": 0.09237902814691716,
      "avg_llm_response": 1.747792410850525,
      "avg_total": 1.8401714389974424,
      "sample_size": 60
    },
    "natsec": {
      "answer_relevancy": 0.8661316741663502,
      "faithfulness": 0.8566666666666667,
      "context_recall": 0.95,
      "context_precision": 0.7533689669293995,
      "answer_correctness": 0.7535141016908752,
      "EM": 0.0,
      "F1": 0.5175632788352367,
      "avg_retrieve_context": 0.09237902814691717,
      "avg_llm_response": 2.3132666110992433,
      "avg_total": 2.4056456392461607,
      "sample_size": 40
    },
    "negative_rejection": {
      "answer_relevancy": 0.17433870140140115,
      "faithfulness": 0.65,
      "context_recall": 0.9,
      "context_precision": 0.0,
      "answer_correctness": 0.8562040605598128,
      "EM": 0.3,
      "F1": 0.75,
      "avg_retrieve_context": 0.09237902814691719,
      "avg_llm_response": 1.171086311340332,
      "avg_total": 1.263465339487249,
      "sample_size": 10
    }
  },
  "chunks_length": {
    "0": {
      "answer_relevancy": 0.17433870140140115,
      "faithfulness": 0.65,
      "context_recall": 0.9,
      "context_precision": 0.0,
      "answer_correctness": 0.8562040605598128,
      "EM": 0.3,
      "F1": 0.75,
      "avg_retrieve_context": 0.09237902814691719,
      "avg_llm_response": 1.171086311340332,
      "avg_total": 1.263465339487249,