{
  "full_dataset": {
    "full_dataset": {
      "answer_relevancy": 0.7325390427557578,
      "faithfulness": 0.8207659007659008,
      "context_recall": 0.9227272727272727,
      "context_precision": 0.7217991765381,
      "answer_correctness": 0.7289874090528695,
      "EM": 0.06363636363636363,
      "F1": 0.5041989145938836,
      "avg_retrieve_context": 0.10754497051239008,
      "avg_llm_response": 1.9791350017894398,
      "avg_total": 2.086679972301829,
      "sample_size": 110
    }
  },
  "RFP_id": {
    "infra_1": {
      "answer_relevancy": 0.76551453653611,
      "faithfulness": 0.8066893424036282,
      "context_recall": 0.9285714285714286,
      "context_precision": 0.8192105483755263,
      "answer_correctness": 0.7218369066469831,
      "EM": 0.0,
      "F1": 0.3416053916192493,
      "avg_retrieve_context": 0.10754497051239015,
      "avg_llm_response": 1.682003100713094,
      "avg_total": 1.7895480712254848,
      "sample_size": 21
    },
    "infra_2": {
      "answer_relevancy": 0.7093662046042009,
      "faithfulness": 0.7371794871794871,
      "context_recall": 0.8461538461538461,
      "context_precision": 0.8354700854341167,
      "answer_correctness": 0.6904840034672352,
      "EM": 0.07692307692307693,
      "F1": 0.5413292433357821,
      "avg_retrieve_context": 0.10754497051239012,
      "avg_llm_response": 1.6891149374154897,
      "avg_total": 1.7966599079278798,
      "sample_size": 13
    },
    "infra_3": {
      "answer_relevancy": 0.8672223937699242,
      "faithfulness": 0.8888888888888888,
      "context_recall": 0.9166666666666666,
      "context_precision": 0.8333333332936341,
      "answer_correctness": 0.7322257976577756,
      "EM": 0.08333333333333333,
      "F1": 0.5208546678631598,
      "avg_retrieve_context": 0.10754497051239013,
      "avg_llm_response": 1.364940921465556,
      "avg_total": 1.4724858919779458,
      "sample_size": 12
    },
    "infra_4": {
      "answer_relevancy": 0.732400151318711,
      "faithfulness": 0.8461538461538461,
      "context_recall": 1.0,
      "context_precision": 0.7219028722169659,
      "answer_correctness": 0.6502548712607784,
      "EM": 0.0,
      "F1": 0.4212513086489472,
      "avg_retrieve_context": 0.10754497051239012,
      "avg_llm_response": 2.22280592577798,
      "avg_total": 2.33035089629037,
      "sample_size": 14
    },
    "natsec_1": {
      "answer_relevancy": 0.9463436151299683,
      "faithfulness": 0.9,
      "context_recall": 1.0,
      "context_precision": 0.7734736919120239,
      "answer_correctness": 0.8958981954731712,
      "EM": 0.0,
      "F1": 0.5453915479235173,
      "avg_retrieve_context": 0.10754497051239013,
      "avg_llm_response": 3.963198701540629,
      "avg_total": 4.070743672053019,
      "sample_size": 6
    },
    "natsec_2": {
      "answer_relevancy": 0.7658893139814957,
      "faithfulness": 0.75,
      "context_recall": 1.0,
      "context_precision": 0.5555555555154814,
      "answer_correctness": 0.6795667220681761,
      "EM": 0.0,
      "F1": 0.47453389830508474,
      "avg_retrieve_context": 0.10754497051239013,
      "avg_llm_response": 2.670933198928833,
      "avg_total": 2.778478169441223,
      "sample_size": 5
    },
    "natsec_3": {
      "answer_relevancy": 0.9402530155475446,
      "faithfulness": 1.0,
      "context_recall": 1.0,
      "context_precision": 0.9329861110675528,
      "answer_correctness": 0.7830512953643061,
      "EM": 0.0,
      "F1": 0.5148420150265183,
      "avg_retrieve_context": 0.10754497051239013,
      "avg_llm_response": 2.2437609434127808,
      "avg_total": 2.351305913925171,
      "sample_size": 8
    },
    "natsec_4": {
      "answer_relevancy": 0.7939217276058915,
      "faithfulness": 0.7083333333333334,
      "context_recall": 0.8333333333333334,
      "context_precision": 0.7130291004812813,
      "answer_correctness": 0.680924144199961,
      "EM": 0.0,
      "F1": 0.5907749840828026,
      "avg_retrieve_context": 0.10754497051239013,
      "avg_llm_response": 2.0155003865559897,
      "avg_total": 2.1230453570683796,
      "sample_size": 6
    },
    "natsec_5": {
      "answer_relevancy": 0.7903696676971484,
      "faithfulness": 0.8333333333333334,
      "context_recall": 0.8333333333333334,
      "context_precision": 0.8196707818786876,
      "answer_correctness": 0.547018465111256,
      "EM": 0.0,
      "F1": 0.41010268172281483,
      "avg_retrieve_context": 0.10754497051239013,
      "avg_llm_response": 2.891954223314921,
      "avg_total": 2.9994991938273112,
      "sample_size": 6
    },
    "natsec_6": {
      "answer_relevancy": 0.7096691143181861,
      "faithfulness": 0.7619047619047619,
      "context_recall": 1.0,
      "context_precision": 0.758237276371293,
      "answer_correctness": 0.6533020009555948,
      "EM": 0.0,
      "F1": 0.47625694546831365,
      "avg_retrieve_context": 0.10754497051239013,
      "avg_llm_response": 1.5435199737548828,
      "avg_total": 1.651064944267273,
      "sample_size": 4
    },
    "natsec_7": {
      "answer_relevancy": 0.8982668555483145,
      "faithfulness": 0.9333333333333332,
      "context_recall": 1.0,
      "context_precision": 0.9161375660889964,
      "answer_correctness": 0.9637948927061922,
      "EM": 0.0,
      "F1": 0.6756295347844644,
      "avg_retrieve_context": 0.10754497051239013,
      "avg_llm_response": 2.7622992992401123,
      "avg_total": 2.869844269752503,
      "sample_size": 3
    },
    "natsec_8": {
      "answer_relevancy": 0.8664415094782758,
      "faithfulness": 1.0,
      "context_recall": 1.0,
      "context_precision": 0.6833333332991667,
      "answer_correctness": 0.7309592667545634,
      "EM": 0.0,
      "F1": 0.4233100233100233,
      "avg_retrieve_context": 0.10754497051239013,
      "avg_llm_response": 1.8126614093780518,
      "avg_total": 1.9202063798904419,
      "sample_size": 2
    },
    "negative_rejection": {
      "answer_relevancy": 0.08198171325592626,
      "faithfulness": 0.7,
      "context_recall": 0.8,
      "context_precision": 0.0,
      "answer_correctness": 0.8791670124199019,
      "EM": 0.5,
      "F1": 0.8555555555555555,
      "avg_retrieve_context": 0.10754497051239013,
      "avg_llm_response": 1.0310742855072021,
      "avg_total": 1.1386192560195922,
      "sample_size": 10
    }
  },
  "RFP_type": {
    "infra": {
      "answer_relevancy": 0.7659639461802328,
      "faithfulness": 0.8172771672771671,
      "context_recall": 0.925,
      "context_precision": 0.8028528806181784,
      "answer_correctness": 0.7004190809034152,
      "EM": 0.03333333333333333,
      "F1": 0.43931279538020973,
      "avg_retrieve_context": 0.10754497051239013,
      "avg_llm_response": 1.7463188886642456,
      "avg_total": 1.8538638591766357,
      "sample_size": 60
    },
    "natsec": {
      "answer_relevancy": 0.845041019994003,
      "faithfulness": 0.8561904761904762,
      "context_recall": 0.95,
      "context_precision": 0.780668414552507,
      "answer_correctness": 0.7342950004352935,
      "EM": 0.0,
      "F1": 0.5136889331739768,
      "avg_retrieve_context": 0.10754497051239013,
      "avg_llm_response": 2.5653743505477906,
      "avg_total": 2.6729193210601805,
      "sample_size": 40
    },
    "negative_rejection": {
      "answer_relevancy": 0.08198171325592626,
      "faithfulness": 0.7,
      "context_recall": 0.8,
      "context_precision": 0.0,
      "answer_correctness": 0.8791670124199019,
      "EM": 0.5,
      "F1": 0.8555555555555555,
      "avg_retrieve_context": 0.10754497051239013,
      "avg_llm_response": 1.0310742855072021,
      "avg_total": 1.1386192560195922,
      "sample_size": 10
    }
  },
  "chunks_length": {
    "0": {
      "answer_relevancy": 0.08198171325592626,
      "faithfulness": 0.7,
      "context_recall": 0.8,
      "context_precision": 0.0,
      "answer_correctness": 0.8791670124199019,
      "EM": 0.5,
      "F1": 0.8555555555555555,
      "avg_retrieve_context": 0.10754497051239013,