{
  "full_dataset": {
    "full_dataset": {
      "answer_relevancy": 0.6996508270858045,
      "faithfulness": 0.8273418248418248,
      "context_recall": 0.9469696969696969,
      "context_precision": 0.6848057621743563,
      "answer_correctness": 0.684115748225638,
      "EM": 0.03636363636363636,
      "F1": 0.4874431573444147,
      "avg_retrieve_context": 0.1346497145566073,
      "avg_llm_response": 1.854601829702204,
      "avg_total": 1.9892515442588123,
      "sample_size": 110
    }
  },
  "RFP_id": {
    "infra_1": {
      "answer_relevancy": 0.7105240134664472,
      "faithfulness": 0.8506235827664399,
      "context_recall": 0.984126984126984,
      "context_precision": 0.7655761189236313,
      "answer_correctness": 0.6104517306235409,
      "EM": 0.0,
      "F1": 0.36271990845720314,
      "avg_retrieve_context": 0.1346497145566073,
      "avg_llm_response": 2.143516949244908,
      "avg_total": 2.2781666638015157,
      "sample_size": 21
    },
    "infra_2": {
      "answer_relevancy": 0.7150698658022285,
      "faithfulness": 0.7564102564102563,
      "context_recall": 0.8846153846153846,
      "context_precision": 0.7234864286300116,
      "answer_correctness": 0.6290860614175826,
      "EM": 0.0,
      "F1": 0.5231980042497606,
      "avg_retrieve_context": 0.1346497145566073,
      "avg_llm_response": 2.2360205833728495,
      "avg_total": 2.3706702979294576,
      "sample_size": 13
    },
    "infra_3": {
      "answer_relevancy": 0.7935218095828986,
      "faithfulness": 0.8319444444444444,
      "context_recall": 1.0,
      "context_precision": 0.7486441798549963,
      "answer_correctness": 0.6945887197580132,
      "EM": 0.0,
      "F1": 0.406797239411757,
      "avg_retrieve_context": 0.1346497145566073,
      "avg_llm_response": 1.6404075225194295,
      "avg_total": 1.7750572370760374,
      "sample_size": 12
    },
    "infra_4": {
      "answer_relevancy": 0.8059313122529247,
      "faithfulness": 0.8388932496075353,
      "context_recall": 1.0,
      "context_precision": 0.8405325191653175,
      "answer_correctness": 0.7304466461521363,
      "EM": 0.0,
      "F1": 0.5723220894834805,
      "avg_retrieve_context": 0.1346497145566073,
      "avg_llm_response": 1.6958472728729248,
      "avg_total": 1.8304969874295327,
      "sample_size": 14
    },
    "natsec_1": {
      "answer_relevancy": 0.7810257328728877,
      "faithfulness": 0.7916666666666666,
      "context_recall": 1.0,
      "context_precision": 0.6539641866564375,
      "answer_correctness": 0.7428134064551922,
      "EM": 0.0,
      "F1": 0.38783068783068786,
      "avg_retrieve_context": 0.13464971455660732,
      "avg_llm_response": 1.3403181632359822,
      "avg_total": 1.4749678777925894,
      "sample_size": 6
    },
    "natsec_2": {
      "answer_relevancy": 0.7492968240491583,
      "faithfulness": 0.8,
      "context_recall": 1.0,
      "context_precision": 0.6422222221731111,
      "answer_correctness": 0.7017195121317943,
      "EM": 0.0,
      "F1": 0.4483116883116883,
      "avg_retrieve_context": 0.13464971455660732,
      "avg_llm_response": 2.5993902683258057,
      "avg_total": 2.734039982882413,
      "sample_size": 5
    },
    "natsec_3": {
      "answer_relevancy": 0.7146280332030207,
      "faithfulness": 0.875,
      "context_recall": 1.0,
      "context_precision": 0.8557070176191377,
      "answer_correctness": 0.5959143988624184,
      "EM": 0.0,
      "F1": 0.3473511282890088,
      "avg_retrieve_context": 0.13464971455660732,
      "avg_llm_response": 1.7699452340602875,
      "avg_total": 1.9045949486168947,
      "sample_size": 8
    },
    "natsec_4": {
      "answer_relevancy": 0.9739847757464831,
      "faithfulness": 1.0,
      "context_recall": 0.8333333333333334,
      "context_precision": 0.8073533339136193,
      "answer_correctness": 0.6845923210829737,
      "EM": 0.0,
      "F1": 0.6094212424579499,
      "avg_retrieve_context": 0.13464971455660732,
      "avg_llm_response": 1.2576197783152263,
      "avg_total": 1.3922694928718335,
      "sample_size": 6
    },
    "natsec_5": {
      "answer_relevancy": 0.9603501264160994,
      "faithfulness": 1.0,
      "context_recall": 0.8333333333333334,
      "context_precision": 0.5299137996417644,
      "answer_correctness": 0.7545561956857246,
      "EM": 0.0,
      "F1": 0.5505941770647652,
      "avg_retrieve_context": 0.13464971455660732,
      "avg_llm_response": 2.4360732634862265,
      "avg_total": 2.570722978042834,
      "sample_size": 6
    },
    "natsec_6": {
      "answer_relevancy": 0.44422913630730865,
      "faithfulness": 0.5208333333333333,
      "context_recall": 1.0,
      "context_precision": 0.8717997889583573,
      "answer_correctness": 0.5006950441544125,
      "EM": 0.0,
      "F1": 0.27038289258334053,
      "avg_retrieve_context": 0.13464971455660732,
      "avg_llm_response": 1.3259005546569824,
      "avg_total": 1.4605502692135897,
      "sample_size": 4
    },
    "natsec_7": {
      "answer_relevancy": 0.8877093435803781,
      "faithfulness": 1.0,
      "context_recall": 1.0,
      "context_precision": 0.7618300653154998,
      "answer_correctness": 0.9572528731176755,
      "EM": 0.0,
      "F1": 0.616161616161616,
      "avg_retrieve_context": 0.13464971455660732,
      "avg_llm_response": 2.5826820532480874,
      "avg_total": 2.7173317678046947,
      "sample_size": 3
    },
    "natsec_8": {
      "answer_relevancy": 0.4639842856933738,
      "faithfulness": 0.625,
      "context_recall": 1.0,
      "context_precision": 0.6590909090744318,
      "answer_correctness": 0.4565672458569921,
      "EM": 0.0,
      "F1": 0.31203703703703706,
      "avg_retrieve_context": 0.13464971455660732,
      "avg_llm_response": 2.0495084524154663,
      "avg_total": 2.1841581669720735,
      "sample_size": 2
    },
    "negative_rejection": {
      "answer_relevancy": 0.08156930112385145,
      "faithfulness": 0.75,
      "context_recall": 0.8,
      "context_precision": 0.0,
      "answer_correctness": 0.8538451901484885,
      "EM": 0.4,
      "F1": 0.8444444444444444,
      "avg_retrieve_context": 0.1346497145566073,
      "avg_llm_response": 1.1986079931259155,
      "avg_total": 1.3332577076825227,
      "sample_size": 10
    }
  },
  "RFP_type": {
    "infra": {
      "answer_relevancy": 0.7503702104126683,
      "faithfulness": 0.82373778998779,
      "context_recall": 0.9694444444444444,
      "context_precision": 0.7705601249360134,
      "answer_correctness": 0.6593153804124834,
      "EM": 0.0,
      "F1": 0.45521280430929945,
      "avg_retrieve_context": 0.13464971455660732,
      "avg_llm_response": 1.9584812601407369,
      "avg_total": 2.0931309746973437,
      "sample_size": 60
    },
    "natsec": {
      "answer_relevancy": 0.7780921335859974,
      "faithfulness": 0.8520833333333332,
      "context_recall": 0.95,
      "context_precision": 0.7273756585754594,
      "answer_correctness": 0.6788839394646581,
      "EM": 0.0,
      "F1": 0.44653836512208034,
      "avg_retrieve_context": 0.13464971455660732,
      "avg_llm_response": 1.8627811431884767,
      "avg_total": 1.9974308577450839,
      "sample_size": 40
    },
    "negative_rejection": {
      "answer_relevancy": 0.08156930112385145,
      "faithfulness": 0.75,
      "context_recall": 0.8,
      "context_precision": 0.0,
      "answer_correctness": 0.8538451901484885,
      "EM": 0.4,
      "F1": 0.8444444444444444,
      "avg_retrieve_context": 0.1346497145566073,
      "avg_llm_response": 1.1986079931259155,
      "avg_total": 1.3332577076825227,
      "sample_size": 10
    }
  },
  "chunks_length": {
    "0": {
      "answer_relevancy": 0.08156930112385145,
      "faithfulness": 0.75,
      "context_recall": 0.8,
      "context_precision": 0.0,
      "answer_correctness": 0.8538451901484885,
      "EM": 0.4,
      "F1": 0.8444444444444444,
      "avg_retrieve_context": 0.1346497145566073,
      "avg_llm_response": 1.1986079931259155,