{
  "full_dataset": {
    "full_dataset": {
      "answer_relevancy": 0.6741387028546005,
      "faithfulness": 0.7944444444444444,
      "context_recall": 0.9651515151515151,
      "context_precision": 0.7564823174136989,
      "answer_correctness": 0.6700626224861519,
      "EM": 0.06363636363636363,
      "F1": 0.48357163065291436,
      "avg_retrieve_context": 0.05740832632238214,
      "avg_llm_response": 2.105648129636591,
      "avg_total": 2.1630564559589733,
      "sample_size": 110
    }
  },
  "RFP_id": {
    "infra_1": {
      "answer_relevancy": 0.6188867306453268,
      "faithfulness": 0.7447089947089947,
      "context_recall": 0.984126984126984,
      "context_precision": 0.8315310846260505,
      "answer_correctness": 0.5364327904906717,
      "EM": 0.0,
      "F1": 0.2801087954897191,
      "avg_retrieve_context": 0.057408326322382144,
      "avg_llm_response": 2.3982008525303433,
      "avg_total": 2.455609178852725,
      "sample_size": 21
    },
    "infra_2": {
      "answer_relevancy": 0.6530763217568004,
      "faithfulness": 0.6923076923076923,
      "context_recall": 0.9615384615384616,
      "context_precision": 0.9769230768834614,
      "answer_correctness": 0.6765387739028799,
      "EM": 0.07692307692307693,
      "F1": 0.5303730876257563,
      "avg_retrieve_context": 0.05740832632238214,
      "avg_llm_response": 2.019885228230403,
      "avg_total": 2.0772935545527846,
      "sample_size": 13
    },
    "infra_3": {
      "answer_relevancy": 0.7097717718877541,
      "faithfulness": 0.8888888888888888,
      "context_recall": 0.9166666666666666,
      "context_precision": 0.9305555555193288,
      "answer_correctness": 0.6823374195062634,
      "EM": 0.0,
      "F1": 0.4218263543398746,
      "avg_retrieve_context": 0.05740832632238214,
      "avg_llm_response": 1.808593471844991,
      "avg_total": 1.8660017981673729,
      "sample_size": 12
    },
    "infra_4": {
      "answer_relevancy": 0.7314408105845879,
      "faithfulness": 0.8869047619047619,
      "context_recall": 1.0,
      "context_precision": 0.750630933615737,
      "answer_correctness": 0.6410912539327335,
      "EM": 0.0,
      "F1": 0.555883260755675,
      "avg_retrieve_context": 0.05740832632238214,
      "avg_llm_response": 2.1569268703460693,
      "avg_total": 2.214335196668451,
      "sample_size": 14
    },
    "natsec_1": {
      "answer_relevancy": 0.9556952559512939,
      "faithfulness": 0.9583333333333334,
      "context_recall": 1.0,
      "context_precision": 0.6429278608101763,
      "answer_correctness": 0.8161862558543725,
      "EM": 0.0,
      "F1": 0.5224139458154804,
      "avg_retrieve_context": 0.05740832632238214,
      "avg_llm_response": 2.6497445901234946,
      "avg_total": 2.7071529164458763,
      "sample_size": 6
    },
    "natsec_2": {
      "answer_relevancy": 0.7518163448008178,
      "faithfulness": 0.75,
      "context_recall": 1.0,
      "context_precision": 0.7880230879648509,
      "answer_correctness": 0.7001856345771593,
      "EM": 0.0,
      "F1": 0.5142228567167042,
      "avg_retrieve_context": 0.057408326322382144,
      "avg_llm_response": 3.058362054824829,
      "avg_total": 3.115770381147211,
      "sample_size": 5
    },
    "natsec_3": {
      "answer_relevancy": 0.7136775504529015,
      "faithfulness": 0.875,
      "context_recall": 1.0,
      "context_precision": 0.9252763605152998,
      "answer_correctness": 0.6624720985783271,
      "EM": 0.0,
      "F1": 0.4103977114582921,
      "avg_retrieve_context": 0.057408326322382144,
      "avg_llm_response": 2.080786496400833,
      "avg_total": 2.1381948227232153,
      "sample_size": 8
    },
    "natsec_4": {
      "answer_relevancy": 0.9507187403607733,
      "faithfulness": 0.6944444444444443,
      "context_recall": 1.0,
      "context_precision": 0.7049963667677686,
      "answer_correctness": 0.7248505418198659,
      "EM": 0.16666666666666666,
      "F1": 0.7086122664554036,
      "avg_retrieve_context": 0.05740832632238214,
      "avg_llm_response": 1.5614728927612305,
      "avg_total": 1.6188812190836124,
      "sample_size": 6
    },
    "natsec_5": {
      "answer_relevancy": 0.7997260050484817,
      "faithfulness": 0.9166666666666666,
      "context_recall": 1.0,
      "context_precision": 0.771164495861822,
      "answer_correctness": 0.6271046310232921,
      "EM": 0.0,
      "F1": 0.40744297522946277,
      "avg_retrieve_context": 0.05740832632238214,
      "avg_llm_response": 2.4423884948094687,
      "avg_total": 2.4997968211318504,
      "sample_size": 6
    },
    "natsec_6": {
      "answer_relevancy": 0.6990324503384233,
      "faithfulness": 0.875,
      "context_recall": 1.0,
      "context_precision": 0.8890966093760941,
      "answer_correctness": 0.688131111113431,
      "EM": 0.0,
      "F1": 0.44012195121951225,
      "avg_retrieve_context": 0.057408326322382144,
      "avg_llm_response": 1.3848892450332642,
      "avg_total": 1.4422975713556463,
      "sample_size": 4
    },
    "natsec_7": {
      "answer_relevancy": 0.5699344485257877,
      "faithfulness": 0.8333333333333334,
      "context_recall": 1.0,
      "context_precision": 0.7983982683556338,
      "answer_correctness": 0.7264571513453429,
      "EM": 0.0,
      "F1": 0.5048285048285049,
      "avg_retrieve_context": 0.05740832632238215,
      "avg_llm_response": 4.2526906331380205,
      "avg_total": 4.310098959460404,
      "sample_size": 3
    },
    "natsec_8": {
      "answer_relevancy": 0.944334157958001,
      "faithfulness": 1.0,
      "context_recall": 1.0,
      "context_precision": 0.6805555555340278,
      "answer_correctness": 0.6855474468223274,
      "EM": 0.0,
      "F1": 0.4338942307692307,
      "avg_retrieve_context": 0.057408326322382144,
      "avg_llm_response": 1.9540959596633911,
      "avg_total": 2.0115042859857732,
      "sample_size": 2
    },
    "negative_rejection": {
      "answer_relevancy": 0.18112675781408472,
      "faithfulness": 0.55,
      "context_recall": 0.8,
      "context_precision": 0.0,
      "answer_correctness": 0.8556513638870655,
      "EM": 0.5,
      "F1": 0.7743589743589745,
      "avg_retrieve_context": 0.057408326322382144,
      "avg_llm_response": 0.9034911632537842,
      "avg_total": 0.9608994895761661,
      "sample_size": 10
    }
  },
  "RFP_type": {
    "infra": {
      "answer_relevancy": 0.6707341022871258,
      "faithfulness": 0.7953703703703704,
      "context_recall": 0.9694444444444444,
      "context_precision": 0.8658817216926878,
      "answer_correctness": 0.6203903208362497,
      "EM": 0.016666666666666666,
      "F1": 0.4270236124512813,
      "avg_retrieve_context": 0.05740832632238214,
      "avg_llm_response": 2.142013728618622,
      "avg_total": 2.199422054941004,
      "sample_size": 60
    },
    "natsec": {
      "answer_relevancy": 0.8024985899659413,
      "faithfulness": 0.8541666666666666,
      "context_recall": 1.0,
      "context_precision": 0.7842387754556148,
      "answer_correctness": 0.7028136081458001,
      "EM": 0.025,
      "F1": 0.4956968220288491,
      "avg_retrieve_context": 0.057408326322382144,
      "avg_llm_response": 2.351638972759247,
      "avg_total": 2.409047299081629,
      "sample_size": 40
    },
    "negative_rejection": {
      "answer_relevancy": 0.18112675781408472,
      "faithfulness": 0.55,
      "context_recall": 0.8,
      "context_precision": 0.0,
      "answer_correctness": 0.8556513638870655,
      "EM": 0.5,
      "F1": 0.7743589743589745,
      "avg_retrieve_context": 0.057408326322382144,
      "avg_llm_response": 0.9034911632537842,
      "avg_total": 0.9608994895761661,
      "sample_size": 10
    }
  },
  "chunks_length": {
    "0": {
      "answer_relevancy": 0.18112675781408472,
      "faithfulness": 0.55,
      "context_recall": 0.8,
      "context_precision": 0.0,
      "answer_correctness": 0.8556513638870655,
      "EM": 0.5,
      "F1": 0.7743589743589745,
      "avg_retrieve_context": 0.057408326322382144,