{
  "full_dataset": {
    "full_dataset": {
      "answer_relevancy": 0.6966610287617044,
      "faithfulness": 0.8220021645021645,
      "context_recall": 0.9659090909090909,
      "context_precision": 0.7118007599852347,
      "answer_correctness": 0.6947509530992483,
      "EM": 0.05454545454545454,
      "F1": 0.47760176078603556,
      "avg_retrieve_context": 0.0838950915770097,
      "avg_llm_response": 1.6544709509069269,
      "avg_total": 1.7383660424839362,
      "sample_size": 110
    }
  },
  "RFP_id": {
    "infra_1": {
      "answer_relevancy": 0.7086679411311673,
      "faithfulness": 0.8273809523809523,
      "context_recall": 0.9642857142857143,
      "context_precision": 0.7994671641911508,
      "answer_correctness": 0.6493095630016542,
      "EM": 0.0,
      "F1": 0.35782755569633895,
      "avg_retrieve_context": 0.08389509157700974,
      "avg_llm_response": 1.8513314383370536,
      "avg_total": 1.9352265299140639,
      "sample_size": 21
    },
    "infra_2": {
      "answer_relevancy": 0.7167843851236234,
      "faithfulness": 0.8307692307692308,
      "context_recall": 0.9230769230769231,
      "context_precision": 0.8354700854341167,
      "answer_correctness": 0.6884678062148235,
      "EM": 0.07692307692307693,
      "F1": 0.552268962165248,
      "avg_retrieve_context": 0.08389509157700972,
      "avg_llm_response": 1.972732892403236,
      "avg_total": 2.056627983980245,
      "sample_size": 13
    },
    "infra_3": {
      "answer_relevancy": 0.7926072117887356,
      "faithfulness": 0.7999999999999999,
      "context_recall": 0.9166666666666666,
      "context_precision": 0.8333333332936341,
      "answer_correctness": 0.6612833343329008,
      "EM": 0.0,
      "F1": 0.41197000752183893,
      "avg_retrieve_context": 0.08389509157700971,
      "avg_llm_response": 1.243845244248708,
      "avg_total": 1.3277403358257176,
      "sample_size": 12
    },
    "infra_4": {
      "answer_relevancy": 0.6098989878214021,
      "faithfulness": 0.8460884353741497,
      "context_recall": 1.0,
      "context_precision": 0.7270219198375505,
      "answer_correctness": 0.5997411936944481,
      "EM": 0.0,
      "F1": 0.4603280195077676,
      "avg_retrieve_context": 0.08389509157700972,
      "avg_llm_response": 2.0377572774887085,
      "avg_total": 2.121652369065718,
      "sample_size": 14
    },
    "natsec_1": {
      "answer_relevancy": 0.9492232612295384,
      "faithfulness": 0.9583333333333334,
      "context_recall": 1.0,
      "context_precision": 0.7589213563882885,
      "answer_correctness": 0.8744095644720487,
      "EM": 0.0,
      "F1": 0.5464162067426632,
      "avg_retrieve_context": 0.08389509157700971,
      "avg_llm_response": 1.1419114271799724,
      "avg_total": 1.2258065187569822,
      "sample_size": 6
    },
    "natsec_2": {
      "answer_relevancy": 0.7584458670213927,
      "faithfulness": 0.75,
      "context_recall": 1.0,
      "context_precision": 0.5399999999593333,
      "answer_correctness": 0.7472169072549798,
      "EM": 0.0,
      "F1": 0.41792513368983963,
      "avg_retrieve_context": 0.08389509157700972,
      "avg_llm_response": 1.7023473739624024,
      "avg_total": 1.7862424655394122,
      "sample_size": 5
    },
    "natsec_3": {
      "answer_relevancy": 0.9645595871575681,
      "faithfulness": 1.0,
      "context_recall": 1.0,
      "context_precision": 0.9329861110675528,
      "answer_correctness": 0.8826325059591997,
      "EM": 0.0,
      "F1": 0.5361756703518872,
      "avg_retrieve_context": 0.08389509157700972,
      "avg_llm_response": 1.471615970134735,
      "avg_total": 1.5555110617117447,
      "sample_size": 8
    },
    "natsec_4": {
      "answer_relevancy": 0.7720292342597951,
      "faithfulness": 0.75,
      "context_recall": 1.0,
      "context_precision": 0.7135875954843813,
      "answer_correctness": 0.6664197882883783,
      "EM": 0.0,
      "F1": 0.48615339091846804,
      "avg_retrieve_context": 0.08389509157700971,
      "avg_llm_response": 1.3136110703150432,
      "avg_total": 1.3975061618920528,
      "sample_size": 6
    },
    "natsec_5": {
      "answer_relevancy": 0.801680394913782,
      "faithfulness": 0.8333333333333334,
      "context_recall": 0.8333333333333334,
      "context_precision": 0.7752209447613595,
      "answer_correctness": 0.6294135117058104,
      "EM": 0.0,
      "F1": 0.43769541203834067,
      "avg_retrieve_context": 0.08389509157700971,
      "avg_llm_response": 2.2131588061650596,
      "avg_total": 2.297053897742069,
      "sample_size": 6
    },
    "natsec_6": {
      "answer_relevancy": 0.4416400998859035,
      "faithfulness": 0.75,
      "context_recall": 1.0,
      "context_precision": 0.6483491045871792,
      "answer_correctness": 0.5852932270470496,
      "EM": 0.0,
      "F1": 0.2527731092436975,
      "avg_retrieve_context": 0.08389509157700972,
      "avg_llm_response": 1.5191915035247803,
      "avg_total": 1.60308659510179,
      "sample_size": 4
    },
    "natsec_7": {
      "answer_relevancy": 0.8671435693078746,
      "faithfulness": 1.0,
      "context_recall": 1.0,
      "context_precision": 0.9161375660889964,
      "answer_correctness": 0.9545594434698409,
      "EM": 0.0,
      "F1": 0.5797224968935705,
      "avg_retrieve_context": 0.08389509157700974,
      "avg_llm_response": 2.7056700388590493,
      "avg_total": 2.7895651304360594,
      "sample_size": 3
    },
    "natsec_8": {
      "answer_relevancy": 0.8620031407878349,
      "faithfulness": 0.9,
      "context_recall": 1.0,
      "context_precision": 0.738888888855926,
      "answer_correctness": 0.6685068063558466,
      "EM": 0.0,
      "F1": 0.4182692307692308,
      "avg_retrieve_context": 0.08389509157700972,
      "avg_llm_response": 1.5306040048599243,
      "avg_total": 1.6144990964369341,
      "sample_size": 2
    },
    "negative_rejection": {
      "answer_relevancy": 0.16443162586323098,
      "faithfulness": 0.6,
      "context_recall": 1.0,
      "context_precision": 0.0,
      "answer_correctness": 0.7144779191317475,
      "EM": 0.5,
      "F1": 0.7666666666666666,
      "avg_retrieve_context": 0.08389509157700972,
      "avg_llm_response": 0.8461835384368896,
      "avg_total": 0.9300786300138991,
      "sample_size": 10
    }
  },
  "RFP_type": {
    "infra": {
      "answer_relevancy": 0.7041682690221013,
      "faithfulness": 0.8270039682539683,
      "context_recall": 0.9541666666666667,
      "context_precision": 0.79713714059845,
      "answer_correctness": 0.6486226504590757,
      "EM": 0.016666666666666666,
      "F1": 0.4347017923523693,
      "avg_retrieve_context": 0.08389509157700974,
      "avg_llm_response": 1.79963721036911,
      "avg_total": 1.8835323019461194,
      "sample_size": 60
    },
    "natsec": {
      "answer_relevancy": 0.8184575190957277,
      "faithfulness": 0.8699999999999999,
      "context_recall": 0.975,
      "context_precision": 0.7617463790617207,
      "answer_correctness": 0.7590116655513833,
      "EM": 0.0,
      "F1": 0.46968548696637724,
      "avg_retrieve_context": 0.08389509157700972,
      "avg_llm_response": 1.6387934148311616,
      "avg_total": 1.7226885064081714,
      "sample_size": 40
    },
    "negative_rejection": {
      "answer_relevancy": 0.16443162586323098,
      "faithfulness": 0.6,
      "context_recall": 1.0,
      "context_precision": 0.0,
      "answer_correctness": 0.7144779191317475,
      "EM": 0.5,
      "F1": 0.7666666666666666,
      "avg_retrieve_context": 0.08389509157700972,
      "avg_llm_response": 0.8461835384368896,
      "avg_total": 0.9300786300138991,
      "sample_size": 10
    }
  },
  "chunks_length": {
    "0": {
      "answer_relevancy": 0.16443162586323098,
      "faithfulness": 0.6,
      "context_recall": 1.0,
      "context_precision": 0.0,
      "answer_correctness": 0.7144779191317475,
      "EM": 0.5,
      "F1": 0.7666666666666666,
      "avg_retrieve_context": 0.08389509157700972,