{
  "full_dataset": {
    "full_dataset": {
      "answer_relevancy": 0.6823749635632017,
      "faithfulness": 0.822668240850059,
      "context_recall": 0.8628787878787879,
      "context_precision": 0.640999020338341,
      "answer_correctness": 0.6411690059102834,
      "EM": 0.03636363636363636,
      "F1": 0.4337040077898407,
      "avg_retrieve_context": 0.07485530809922651,
      "avg_llm_response": 1.246124839782715,
      "avg_total": 1.3209801478819412,
      "sample_size": 110
    }
  },
  "RFP_id": {
    "infra_1": {
      "answer_relevancy": 0.7670283672664288,
      "faithfulness": 0.8714285714285714,
      "context_recall": 0.7817460317460316,
      "context_precision": 0.7448689053194752,
      "answer_correctness": 0.6120366311907017,
      "EM": 0.0,
      "F1": 0.3248564481705597,
      "avg_retrieve_context": 0.0748553080992265,
      "avg_llm_response": 1.3546572412763322,
      "avg_total": 1.429512549375559,
      "sample_size": 21
    },
    "infra_2": {
      "answer_relevancy": 0.5726168138830998,
      "faithfulness": 0.7115384615384616,
      "context_recall": 0.8461538461538461,
      "context_precision": 0.7956180144232742,
      "answer_correctness": 0.5583973351171723,
      "EM": 0.0,
      "F1": 0.42372092776504533,
      "avg_retrieve_context": 0.0748553080992265,
      "avg_llm_response": 1.666988996359018,
      "avg_total": 1.741844304458245,
      "sample_size": 13
    },
    "infra_3": {
      "answer_relevancy": 0.6402094944079375,
      "faithfulness": 0.8472222222222222,
      "context_recall": 0.8333333333333334,
      "context_precision": 0.5750178062398132,
      "answer_correctness": 0.6210465896333508,
      "EM": 0.0,
      "F1": 0.338682203080589,
      "avg_retrieve_context": 0.0748553080992265,
      "avg_llm_response": 1.063385546207428,
      "avg_total": 1.1382408543066547,
      "sample_size": 12
    },
    "infra_4": {
      "answer_relevancy": 0.5965784013167434,
      "faithfulness": 0.7954545454545455,
      "context_recall": 0.6785714285714286,
      "context_precision": 0.5769797662387629,
      "answer_correctness": 0.46334349292059934,
      "EM": 0.0,
      "F1": 0.3629066825054249,
      "avg_retrieve_context": 0.0748553080992265,
      "avg_llm_response": 1.0481527362551009,
      "avg_total": 1.1230080443543276,
      "sample_size": 14
    },
    "natsec_1": {
      "answer_relevancy": 0.6370942625442991,
      "faithfulness": 0.875,
      "context_recall": 1.0,
      "context_precision": 0.594896029871537,
      "answer_correctness": 0.636251555366168,
      "EM": 0.0,
      "F1": 0.373015873015873,
      "avg_retrieve_context": 0.07485530809922651,
      "avg_llm_response": 0.8536926507949829,
      "avg_total": 0.9285479588942094,
      "sample_size": 6
    },
    "natsec_2": {
      "answer_relevancy": 0.7413307306817863,
      "faithfulness": 0.78,
      "context_recall": 1.0,
      "context_precision": 0.553333333295,
      "answer_correctness": 0.5031904763411302,
      "EM": 0.0,
      "F1": 0.338914601890732,
      "avg_retrieve_context": 0.07485530809922651,
      "avg_llm_response": 1.5113329887390137,
      "avg_total": 1.5861882968382401,
      "sample_size": 5
    },
    "natsec_3": {
      "answer_relevancy": 0.9734823761121685,
      "faithfulness": 0.975,
      "context_recall": 1.0,
      "context_precision": 0.8239897351533599,
      "answer_correctness": 0.8558564363720159,
      "EM": 0.0,
      "F1": 0.5326830148979853,
      "avg_retrieve_context": 0.07485530809922651,
      "avg_llm_response": 1.3216053247451782,
      "avg_total": 1.3964606328444047,
      "sample_size": 8
    },
    "natsec_4": {
      "answer_relevancy": 0.980766401665666,
      "faithfulness": 0.8333333333333334,
      "context_recall": 1.0,
      "context_precision": 0.9074218836129252,
      "answer_correctness": 0.7912101536785673,
      "EM": 0.0,
      "F1": 0.6452226852566411,
      "avg_retrieve_context": 0.07485530809922651,
      "avg_llm_response": 0.7293310960133871,
      "avg_total": 0.8041864041126136,
      "sample_size": 6
    },
    "natsec_5": {
      "answer_relevancy": 0.9684485259717551,
      "faithfulness": 1.0,
      "context_recall": 1.0,
      "context_precision": 0.7642684167500233,
      "answer_correctness": 0.8014622013649335,
      "EM": 0.0,
      "F1": 0.4912708634013226,
      "avg_retrieve_context": 0.07485530809922651,
      "avg_llm_response": 1.9764432907104492,
      "avg_total": 2.051298598809676,
      "sample_size": 6
    },
    "natsec_6": {
      "answer_relevancy": 0.7149605723398231,
      "faithfulness": 0.5476190476190477,
      "context_recall": 1.0,
      "context_precision": 0.691413234181806,
      "answer_correctness": 0.6194046979004477,
      "EM": 0.0,
      "F1": 0.4604487297041854,
      "avg_retrieve_context": 0.07485530809922651,
      "avg_llm_response": 1.01407128572464,
      "avg_total": 1.0889265938238664,
      "sample_size": 4
    },
    "natsec_7": {
      "answer_relevancy": 0.6415287345302562,
      "faithfulness": 0.8333333333333334,
      "context_recall": 1.0,
      "context_precision": 0.7348148147873408,
      "answer_correctness": 0.6901569055595503,
      "EM": 0.0,
      "F1": 0.40972222222222227,
      "avg_retrieve_context": 0.07485530809922651,
      "avg_llm_response": 1.8360459804534912,
      "avg_total": 1.9109012885527177,
      "sample_size": 3
    },
    "natsec_8": {
      "answer_relevancy": 0.9678141562150265,
      "faithfulness": 1.0,
      "context_recall": 1.0,
      "context_precision": 0.8092403627937492,
      "answer_correctness": 0.8231741119217002,
      "EM": 0.0,
      "F1": 0.2962962962962963,
      "avg_retrieve_context": 0.07485530809922651,
      "avg_llm_response": 1.0035779476165771,
      "avg_total": 1.0784332557158036,
      "sample_size": 2
    },
    "negative_rejection": {
      "answer_relevancy": 0.17425955387705208,
      "faithfulness": 0.7,
      "context_recall": 0.8,
      "context_precision": 0.0,
      "answer_correctness": 0.7546502994850984,
      "EM": 0.4,
      "F1": 0.7555555555555555,
      "avg_retrieve_context": 0.0748553080992265,
      "avg_llm_response": 0.8462419748306275,
      "avg_total": 0.921097282929854,
      "sample_size": 10
    }
  },
  "RFP_type": {
    "infra": {
      "answer_relevancy": 0.6597704307400826,
      "faithfulness": 0.8142171717171717,
      "context_recall": 0.7819444444444446,
      "context_precision": 0.6827201933571997,
      "answer_correctness": 0.5675217098002763,
      "EM": 0.0,
      "F1": 0.357920624409506,
      "avg_retrieve_context": 0.07485530809922651,
      "avg_llm_response": 1.2925570646921793,
      "avg_total": 1.367412372791406,
      "sample_size": 60
    },
    "natsec": {
      "answer_relevancy": 0.843310615219418,
      "faithfulness": 0.8660119047619048,
      "context_recall": 1.0,
      "context_precision": 0.7386670158946385,
      "answer_correctness": 0.7232696266815909,
      "EM": 0.0,
      "F1": 0.46691619591891415,
      "avg_retrieve_context": 0.07485530809922651,
      "avg_llm_response": 1.2764472186565399,
      "avg_total": 1.3513025267557666,
      "sample_size": 40
    },
    "negative_rejection": {
      "answer_relevancy": 0.17425955387705208,
      "faithfulness": 0.7,
      "context_recall": 0.8,
      "context_precision": 0.0,
      "answer_correctness": 0.7546502994850984,
      "EM": 0.4,
      "F1": 0.7555555555555555,
      "avg_retrieve_context": 0.0748553080992265,
      "avg_llm_response": 0.8462419748306275,
      "avg_total": 0.921097282929854,
      "sample_size": 10
    }
  },
  "chunks_length": {
    "0": {
      "answer_relevancy": 0.17425955387705208,
      "faithfulness": 0.7,
      "context_recall": 0.8,
      "context_precision": 0.0,
      "answer_correctness": 0.7546502994850984,
      "EM": 0.4,
      "F1": 0.7555555555555555,
      "avg_retrieve_context": 0.0748553080992265,
      "avg_llm_response": 0.8462419748306275,