{
  "full_dataset": {
    "full_dataset": {
      "answer_relevancy": 0.7286063421726777,
      "faithfulness": 0.8145031483667847,
      "context_recall": 0.873030303030303,
      "context_precision": 0.628081746290008,
      "answer_correctness": 0.630712029786972,
      "EM": 0.06363636363636363,
      "F1": 0.46341656044183616,
      "avg_retrieve_context": 0.06664670814167371,
      "avg_llm_response": 1.3008868997747247,
      "avg_total": 1.367533607916398,
      "sample_size": 110
    }
  },
  "RFP_id": {
    "infra_1": {
      "answer_relevancy": 0.8013978084946852,
      "faithfulness": 0.8941919191919192,
      "context_recall": 0.7873015873015872,
      "context_precision": 0.7153349041107193,
      "answer_correctness": 0.5952120214614209,
      "EM": 0.0,
      "F1": 0.30501592662112137,
      "avg_retrieve_context": 0.0666467081416737,
      "avg_llm_response": 1.530631769271124,
      "avg_total": 1.5972784774127982,
      "sample_size": 21
    },
    "infra_2": {
      "answer_relevancy": 0.7220346516404933,
      "faithfulness": 0.6923076923076923,
      "context_recall": 0.8846153846153846,
      "context_precision": 0.7512550544333233,
      "answer_correctness": 0.630628792020353,
      "EM": 0.0,
      "F1": 0.4962838360884111,
      "avg_retrieve_context": 0.06664670814167371,
      "avg_llm_response": 1.697939084126399,
      "avg_total": 1.7645857922680734,
      "sample_size": 13
    },
    "infra_3": {
      "answer_relevancy": 0.7100428112572278,
      "faithfulness": 0.7708333333333334,
      "context_recall": 0.8333333333333334,
      "context_precision": 0.6006512006221433,
      "answer_correctness": 0.5481011400808776,
      "EM": 0.0,
      "F1": 0.38781871341015806,
      "avg_retrieve_context": 0.06664670814167371,
      "avg_llm_response": 1.0642632246017456,
      "avg_total": 1.1309099327434193,
      "sample_size": 12
    },
    "infra_4": {
      "answer_relevancy": 0.7416272007299642,
      "faithfulness": 0.9025974025974026,
      "context_recall": 0.7857142857142857,
      "context_precision": 0.6123125155010446,
      "answer_correctness": 0.5238815784794278,
      "EM": 0.07142857142857142,
      "F1": 0.4801786348795712,
      "avg_retrieve_context": 0.06664670814167371,
      "avg_llm_response": 1.0800716876983643,
      "avg_total": 1.146718395840038,
      "sample_size": 14
    },
    "natsec_1": {
      "answer_relevancy": 0.6370942625442991,
      "faithfulness": 0.7916666666666666,
      "context_recall": 0.8333333333333334,
      "context_precision": 0.6759879009585514,
      "answer_correctness": 0.5358237130469582,
      "EM": 0.0,
      "F1": 0.3539649470899471,
      "avg_retrieve_context": 0.06664670814167371,
      "avg_llm_response": 0.8328957955042521,
      "avg_total": 0.8995425036459258,
      "sample_size": 6
    },
    "natsec_2": {
      "answer_relevancy": 0.9294045402548174,
      "faithfulness": 0.76,
      "context_recall": 1.0,
      "context_precision": 0.5791452991068275,
      "answer_correctness": 0.5777810413166525,
      "EM": 0.0,
      "F1": 0.4470002785354292,
      "avg_retrieve_context": 0.0666467081416737,
      "avg_llm_response": 1.5827502250671386,
      "avg_total": 1.6493969332088123,
      "sample_size": 5
    },
    "natsec_3": {
      "answer_relevancy": 0.8396563289064174,
      "faithfulness": 0.8958333333333333,
      "context_recall": 1.0,
      "context_precision": 0.8245272281410455,
      "answer_correctness": 0.7454583518650948,
      "EM": 0.0,
      "F1": 0.5011651862981151,
      "avg_retrieve_context": 0.0666467081416737,
      "avg_llm_response": 1.0341366827487946,
      "avg_total": 1.1007833908904683,
      "sample_size": 8
    },
    "natsec_4": {
      "answer_relevancy": 0.8145403706567418,
      "faithfulness": 0.75,
      "context_recall": 1.0,
      "context_precision": 0.8256561146709339,
      "answer_correctness": 0.6219936359661241,
      "EM": 0.0,
      "F1": 0.6112563969869472,
      "avg_retrieve_context": 0.06664670814167371,
      "avg_llm_response": 0.6583258708318075,
      "avg_total": 0.7249725789734812,
      "sample_size": 6
    },
    "natsec_5": {
      "answer_relevancy": 0.9501432044952001,
      "faithfulness": 1.0,
      "context_recall": 1.0,
      "context_precision": 0.6804842533868981,
      "answer_correctness": 0.67930325318663,
      "EM": 0.0,
      "F1": 0.4590525615917178,
      "avg_retrieve_context": 0.06664670814167371,
      "avg_llm_response": 2.085460146268209,
      "avg_total": 2.1521068544098827,
      "sample_size": 6
    },
    "natsec_6": {
      "answer_relevancy": 0.952661504184554,
      "faithfulness": 0.6785714285714286,
      "context_recall": 1.0,
      "context_precision": 0.5832190957041481,
      "answer_correctness": 0.913489561695782,
      "EM": 0.0,
      "F1": 0.5731831757093082,
      "avg_retrieve_context": 0.0666467081416737,
      "avg_llm_response": 1.171875238418579,
      "avg_total": 1.2385219465602528,
      "sample_size": 4
    },
    "natsec_7": {
      "answer_relevancy": 0.6069457026895186,
      "faithfulness": 0.8333333333333334,
      "context_recall": 0.6666666666666666,
      "context_precision": 0.7017195766953814,
      "answer_correctness": 0.6642354593700563,
      "EM": 0.0,
      "F1": 0.37710437710437716,
      "avg_retrieve_context": 0.0666467081416737,
      "avg_llm_response": 2.008798360824585,
      "avg_total": 2.0754450689662587,
      "sample_size": 3
    },
    "natsec_8": {
      "answer_relevancy": 0.9021321392851661,
      "faithfulness": 1.0,
      "context_recall": 1.0,
      "context_precision": 0.748852362899347,
      "answer_correctness": 0.7476268991677202,
      "EM": 0.0,
      "F1": 0.33687943262411346,
      "avg_retrieve_context": 0.0666467081416737,
      "avg_llm_response": 0.8677225112915039,
      "avg_total": 0.9343692194331776,
      "sample_size": 2
    },
    "negative_rejection": {
      "answer_relevancy": 0.18169108818935578,
      "faithfulness": 0.65,
      "context_recall": 0.9,
      "context_precision": 0.0,
      "answer_correctness": 0.7751926691998945,
      "EM": 0.6,
      "F1": 0.7854700854700855,
      "avg_retrieve_context": 0.0666467081416737,
      "avg_llm_response": 1.089264488220215,
      "avg_total": 1.1559111963618887,
      "sample_size": 10
    }
  },
  "RFP_type": {
    "infra": {
      "answer_relevancy": 0.7519849832503506,
      "faithfulness": 0.827739898989899,
      "context_recall": 0.8172222222222222,
      "context_precision": 0.6761423053073108,
      "answer_correctness": 0.5768197087772825,
      "EM": 0.016666666666666666,
      "F1": 0.40388916295714644,
      "avg_retrieve_context": 0.06664670814167371,
      "avg_llm_response": 1.3684772928555806,
      "avg_total": 1.4351240009972543,
      "sample_size": 60
    },
    "natsec": {
      "answer_relevancy": 0.8302671940519994,
      "faithfulness": 0.8357738095238094,
      "context_recall": 0.95,
      "context_precision": 0.7130113443365559,
      "answer_correctness": 0.6754303514482758,
      "EM": 0.0,
      "F1": 0.4721942754118083,
      "avg_retrieve_context": 0.0666467081416737,
      "avg_llm_response": 1.2524069130420685,
      "avg_total": 1.3190536211837423,
      "sample_size": 40
    },
    "negative_rejection": {
      "answer_relevancy": 0.18169108818935578,
      "faithfulness": 0.65,
      "context_recall": 0.9,
      "context_precision": 0.0,
      "answer_correctness": 0.7751926691998945,
      "EM": 0.6,
      "F1": 0.7854700854700855,
      "avg_retrieve_context": 0.0666467081416737,
      "avg_llm_response": 1.089264488220215,
      "avg_total": 1.1559111963618887,
      "sample_size": 10
    }
  },
  "chunks_length": {
    "0": {
      "answer_relevancy": 0.18169108818935578,
      "faithfulness": 0.65,
      "context_recall": 0.9,
      "context_precision": 0.0,
      "answer_correctness": 0.7751926691998945,
      "EM": 0.6,
      "F1": 0.7854700854700855,