{
  "full_dataset": {
    "full_dataset": {
      "answer_relevancy": 0.7243606752843474,
      "faithfulness": 0.823997113997114,
      "context_recall": 0.9348484848484849,
      "context_precision": 0.6870113948028567,
      "answer_correctness": 0.6803639716058973,
      "EM": 0.03636363636363636,
      "F1": 0.48916442451339,
      "avg_retrieve_context": 0.07376805435527455,
      "avg_llm_response": 1.5776821938428012,
      "avg_total": 1.6514502481980753,
      "sample_size": 110
    }
  },
  "RFP_id": {
    "infra_1": {
      "answer_relevancy": 0.743750293479967,
      "faithfulness": 0.8340891912320484,
      "context_recall": 0.9444444444444444,
      "context_precision": 0.7918554855890958,
      "answer_correctness": 0.6511176512089235,
      "EM": 0.0,
      "F1": 0.3455247290504342,
      "avg_retrieve_context": 0.07376805435527455,
      "avg_llm_response": 1.9619359970092773,
      "avg_total": 2.035704051364552,
      "sample_size": 21
    },
    "infra_2": {
      "answer_relevancy": 0.7182453702453073,
      "faithfulness": 0.8589743589743589,
      "context_recall": 0.8461538461538461,
      "context_precision": 0.7157799299157184,
      "answer_correctness": 0.6137689145289937,
      "EM": 0.0,
      "F1": 0.5013815973627187,
      "avg_retrieve_context": 0.07376805435527455,
      "avg_llm_response": 2.325063760464008,
      "avg_total": 2.398831814819282,
      "sample_size": 13
    },
    "infra_3": {
      "answer_relevancy": 0.7199425118787862,
      "faithfulness": 0.7708333333333334,
      "context_recall": 1.0,
      "context_precision": 0.7252314814431705,
      "answer_correctness": 0.6686903572098949,
      "EM": 0.0,
      "F1": 0.42038064983888984,
      "avg_retrieve_context": 0.07376805435527455,
      "avg_llm_response": 1.164501428604126,
      "avg_total": 1.2382694829594008,
      "sample_size": 12
    },
    "infra_4": {
      "answer_relevancy": 0.7935886448887791,
      "faithfulness": 0.869047619047619,
      "context_recall": 1.0,
      "context_precision": 0.7826677290571961,
      "answer_correctness": 0.6524208045498637,
      "EM": 0.07142857142857142,
      "F1": 0.5525447292782614,
      "avg_retrieve_context": 0.07376805435527455,
      "avg_llm_response": 1.3283863408224923,
      "avg_total": 1.4021543951777666,
      "sample_size": 14
    },
    "natsec_1": {
      "answer_relevancy": 0.7779663038654102,
      "faithfulness": 0.875,
      "context_recall": 1.0,
      "context_precision": 0.6044420856651114,
      "answer_correctness": 0.7968823262276045,
      "EM": 0.0,
      "F1": 0.4090582169351862,
      "avg_retrieve_context": 0.07376805435527455,
      "avg_llm_response": 1.0517031749089558,
      "avg_total": 1.1254712292642304,
      "sample_size": 6
    },
    "natsec_2": {
      "answer_relevancy": 0.7648389623540619,
      "faithfulness": 0.8,
      "context_recall": 1.0,
      "context_precision": 0.7103174602697024,
      "answer_correctness": 0.6705272616603193,
      "EM": 0.0,
      "F1": 0.4270735273581573,
      "avg_retrieve_context": 0.07376805435527455,
      "avg_llm_response": 1.6748372077941895,
      "avg_total": 1.7486052621494639,
      "sample_size": 5
    },
    "natsec_3": {
      "answer_relevancy": 0.962050001351807,
      "faithfulness": 0.9196428571428572,
      "context_recall": 1.0,
      "context_precision": 0.882982453115598,
      "answer_correctness": 0.7661499162935925,
      "EM": 0.0,
      "F1": 0.5392081963034122,
      "avg_retrieve_context": 0.07376805435527455,
      "avg_llm_response": 1.2715404033660889,
      "avg_total": 1.3453084577213632,
      "sample_size": 8
    },
    "natsec_4": {
      "answer_relevancy": 0.9805269252476885,
      "faithfulness": 0.8333333333333334,
      "context_recall": 0.8333333333333334,
      "context_precision": 0.761805555511421,
      "answer_correctness": 0.7856471969229443,
      "EM": 0.0,
      "F1": 0.6743801292384686,
      "avg_retrieve_context": 0.07376805435527455,
      "avg_llm_response": 0.804394006729126,
      "avg_total": 0.8781620610844004,
      "sample_size": 6
    },
    "natsec_5": {
      "answer_relevancy": 0.7915077798518667,
      "faithfulness": 0.9166666666666666,
      "context_recall": 0.8333333333333334,
      "context_precision": 0.6433894294894399,
      "answer_correctness": 0.5239127669013665,
      "EM": 0.0,
      "F1": 0.42638567015254986,
      "avg_retrieve_context": 0.07376805435527455,
      "avg_llm_response": 2.2653817733128867,
      "avg_total": 2.339149827668161,
      "sample_size": 6
    },
    "natsec_6": {
      "answer_relevancy": 0.7185503477252744,
      "faithfulness": 0.48333333333333334,
      "context_recall": 1.0,
      "context_precision": 0.902193793835899,
      "answer_correctness": 0.7177384164394192,
      "EM": 0.0,
      "F1": 0.5476694358273305,
      "avg_retrieve_context": 0.07376805435527455,
      "avg_llm_response": 1.8635724186897278,
      "avg_total": 1.9373404730450021,
      "sample_size": 4
    },
    "natsec_7": {
      "answer_relevancy": 0.5601027352567648,
      "faithfulness": 0.8333333333333334,
      "context_recall": 1.0,
      "context_precision": 0.8055555555091204,
      "answer_correctness": 0.7242144667616096,
      "EM": 0.0,
      "F1": 0.45211385836385837,
      "avg_retrieve_context": 0.07376805435527455,
      "avg_llm_response": 2.026557286580404,
      "avg_total": 2.100325340935678,
      "sample_size": 3
    },
    "natsec_8": {
      "answer_relevancy": 0.9458584761017247,
      "faithfulness": 1.0,
      "context_recall": 1.0,
      "context_precision": 0.639155982890004,
      "answer_correctness": 0.6087379049046981,
      "EM": 0.0,
      "F1": 0.37723577235772354,
      "avg_retrieve_context": 0.07376805435527455,
      "avg_llm_response": 2.230539560317993,
      "avg_total": 2.3043076146732675,
      "sample_size": 2
    },
    "negative_rejection": {
      "answer_relevancy": 0.17073497087721776,
      "faithfulness": 0.7,
      "context_recall": 0.8,
      "context_precision": 0.0,
      "answer_correctness": 0.7647832507353851,
      "EM": 0.3,
      "F1": 0.7444444444444445,
      "avg_retrieve_context": 0.07376805435527455,
      "avg_llm_response": 0.827670693397522,
      "avg_total": 0.9014387477527965,
      "sample_size": 10
    }
  },
  "RFP_type": {
    "infra": {
      "answer_relevancy": 0.7450916191209441,
      "faithfulness": 0.8349867724867723,
      "context_recall": 0.9472222222222223,
      "context_precision": 0.7599038378399022,
      "answer_correctness": 0.6468440352413524,
      "EM": 0.016666666666666666,
      "F1": 0.44256956806228,
      "avg_retrieve_context": 0.07376805435527453,
      "avg_llm_response": 1.7332985122998557,
      "avg_total": 1.8070665666551298,
      "sample_size": 60
    },
    "natsec": {
      "answer_relevancy": 0.831670685631235,
      "faithfulness": 0.8385119047619047,
      "context_recall": 0.95,
      "context_precision": 0.7494255789480024,
      "answer_correctness": 0.7095390563703432,
      "EM": 0.0,
      "F1": 0.4952367042072914,
      "avg_retrieve_context": 0.07376805435527455,
      "avg_llm_response": 1.5317605912685395,
      "avg_total": 1.605528645623814,
      "sample_size": 40
    },
    "negative_rejection": {
      "answer_relevancy": 0.17073497087721776,
      "faithfulness": 0.7,
      "context_recall": 0.8,
      "context_precision": 0.0,
      "answer_correctness": 0.7647832507353851,
      "EM": 0.3,
      "F1": 0.7444444444444445,
      "avg_retrieve_context": 0.07376805435527455,
      "avg_llm_response": 0.827670693397522,
      "avg_total": 0.9014387477527965,
      "sample_size": 10
    }
  },
  "chunks_length": {
    "0": {
      "answer_relevancy": 0.17073497087721776,
      "faithfulness": 0.7,
      "context_recall": 0.8,
      "context_precision": 0.0,
      "answer_correctness": 0.7647832507353851,
      "EM": 0.3,
      "F1": 0.7444444444444445,
      "avg_retrieve_context": 0.07376805435527455,