{
  "full_dataset": {
    "full_dataset": {
      "answer_relevancy": 0.6698279884075659,
      "faithfulness": 0.8125757575757575,
      "context_recall": 0.8378787878787879,
      "context_precision": 0.6086346242739833,
      "answer_correctness": 0.6541125175195053,
      "EM": 0.06363636363636363,
      "F1": 0.4478065468756393,
      "avg_retrieve_context": 0.07152746373956852,
      "avg_llm_response": 1.1329086217013273,
      "avg_total": 1.2044360854408953,
      "sample_size": 110
    }
  },
  "RFP_id": {
    "infra_1": {
      "answer_relevancy": 0.7117276108351631,
      "faithfulness": 0.8690476190476191,
      "context_recall": 0.7619047619047619,
      "context_precision": 0.7120890022338475,
      "answer_correctness": 0.595146717471877,
      "EM": 0.0,
      "F1": 0.3028031376657725,
      "avg_retrieve_context": 0.07152746373956856,
      "avg_llm_response": 1.4234842686426072,
      "avg_total": 1.4950117323821754,
      "sample_size": 21
    },
    "infra_2": {
      "answer_relevancy": 0.7215055480684819,
      "faithfulness": 0.7948717948717948,
      "context_recall": 0.8461538461538461,
      "context_precision": 0.7923840048444458,
      "answer_correctness": 0.6970133211939893,
      "EM": 0.07692307692307693,
      "F1": 0.5158837142281281,
      "avg_retrieve_context": 0.07152746373956853,
      "avg_llm_response": 1.3964393872481127,
      "avg_total": 1.467966850987681,
      "sample_size": 13
    },
    "infra_3": {
      "answer_relevancy": 0.7105885341992835,
      "faithfulness": 0.875,
      "context_recall": 0.9166666666666666,
      "context_precision": 0.7711309523290443,
      "answer_correctness": 0.6260178749018479,
      "EM": 0.0,
      "F1": 0.36336263208850395,
      "avg_retrieve_context": 0.07152746373956853,
      "avg_llm_response": 0.5785290797551473,
      "avg_total": 0.6500565434947158,
      "sample_size": 12
    },
    "infra_4": {
      "answer_relevancy": 0.7346015549067485,
      "faithfulness": 0.8035714285714286,
      "context_recall": 0.9761904761904762,
      "context_precision": 0.5232142856866222,
      "answer_correctness": 0.6600599541397774,
      "EM": 0.0,
      "F1": 0.5180681932937572,
      "avg_retrieve_context": 0.07152746373956853,
      "avg_llm_response": 1.3585450989859444,
      "avg_total": 1.4300725627255129,
      "sample_size": 14
    },
    "natsec_1": {
      "answer_relevancy": 0.9432623601766822,
      "faithfulness": 0.7916666666666666,
      "context_recall": 1.0,
      "context_precision": 0.6534143518323532,
      "answer_correctness": 0.8558691225956726,
      "EM": 0.0,
      "F1": 0.5522062588476252,
      "avg_retrieve_context": 0.07152746373956853,
      "avg_llm_response": 0.6536828676859537,
      "avg_total": 0.7252103314255223,
      "sample_size": 6
    },
    "natsec_2": {
      "answer_relevancy": 0.9247228661627089,
      "faithfulness": 0.9,
      "context_recall": 1.0,
      "context_precision": 0.6666666666,
      "answer_correctness": 0.7139564221333068,
      "EM": 0.0,
      "F1": 0.5332549019607844,
      "avg_retrieve_context": 0.07152746373956853,
      "avg_llm_response": 1.2309447288513184,
      "avg_total": 1.3024721925908869,
      "sample_size": 5
    },
    "natsec_3": {
      "answer_relevancy": 0.8475664158724903,
      "faithfulness": 0.9375,
      "context_recall": 1.0,
      "context_precision": 0.8243090986103009,
      "answer_correctness": 0.6872681809645045,
      "EM": 0.0,
      "F1": 0.40565672304222394,
      "avg_retrieve_context": 0.07152746373956853,
      "avg_llm_response": 0.7987626492977142,
      "avg_total": 0.8702901130372829,
      "sample_size": 8
    },
    "natsec_4": {
      "answer_relevancy": 0.0,
      "faithfulness": 0.5833333333333334,
      "context_recall": 0.0,
      "context_precision": 0.0,
      "answer_correctness": 0.18028187630916928,
      "EM": 0.0,
      "F1": 0.02666666666666667,
      "avg_retrieve_context": 0.07152746373956853,
      "avg_llm_response": 0.841914176940918,
      "avg_total": 0.9134416406804865,
      "sample_size": 6
    },
    "natsec_5": {
      "answer_relevancy": 0.6118619040951753,
      "faithfulness": 0.75,
      "context_recall": 0.9166666666666666,
      "context_precision": 0.5545351473805167,
      "answer_correctness": 0.5216355067996998,
      "EM": 0.0,
      "F1": 0.4606922439783773,
      "avg_retrieve_context": 0.07152746373956853,
      "avg_llm_response": 1.8488983313242595,
      "avg_total": 1.9204257950638282,
      "sample_size": 6
    },
    "natsec_6": {
      "answer_relevancy": 0.9275321218628219,
      "faithfulness": 0.95,
      "context_recall": 1.0,
      "context_precision": 0.9255952380542177,
      "answer_correctness": 0.8011628203762057,
      "EM": 0.0,
      "F1": 0.5720529996629593,
      "avg_retrieve_context": 0.07152746373956853,
      "avg_llm_response": 0.738248348236084,
      "avg_total": 0.8097758119756525,
      "sample_size": 4
    },
    "natsec_7": {
      "answer_relevancy": 0.8365439491275851,
      "faithfulness": 1.0,
      "context_recall": 1.0,
      "context_precision": 0.857275132230798,
      "answer_correctness": 0.9479439389537738,
      "EM": 0.0,
      "F1": 0.5342335939350864,
      "avg_retrieve_context": 0.07152746373956853,
      "avg_llm_response": 1.8988216718037922,
      "avg_total": 1.9703491355433609,
      "sample_size": 3
    },
    "natsec_8": {
      "answer_relevancy": 0.902125433965028,
      "faithfulness": 1.0,
      "context_recall": 1.0,
      "context_precision": 0.8333333333097221,
      "answer_correctness": 0.5998596051462166,
      "EM": 0.0,
      "F1": 0.3412249099330932,
      "avg_retrieve_context": 0.07152746373956853,
      "avg_llm_response": 0.8833645582199097,
      "avg_total": 0.9548920219594783,
      "sample_size": 2
    },
    "negative_rejection": {
      "answer_relevancy": 0.17848401471289657,
      "faithfulness": 0.55,
      "context_recall": 0.7,
      "context_precision": 0.0,
      "answer_correctness": 0.7977219926666861,
      "EM": 0.6,
      "F1": 0.7857777777777778,
      "avg_retrieve_context": 0.07152746373956853,
      "avg_llm_response": 0.7583101749420166,
      "avg_total": 0.8298376386815851,
      "sample_size": 10
    }
  },
  "RFP_type": {
    "infra": {
      "answer_relevancy": 0.7189556021919096,
      "faithfulness": 0.8388888888888889,
      "context_recall": 0.861111111111111,
      "context_precision": 0.697223875624164,
      "answer_correctness": 0.6385384683201724,
      "EM": 0.016666666666666666,
      "F1": 0.4113110077853589,
      "avg_retrieve_context": 0.0715274637395685,
      "avg_llm_response": 1.2334810336430868,
      "avg_total": 1.3050084973826552,
      "sample_size": 60
    },
    "natsec": {
      "answer_relevancy": 0.7189725611547179,
      "faithfulness": 0.8387499999999999,
      "context_recall": 0.8375,
      "context_precision": 0.6279094033172085,
      "answer_correctness": 0.64157122253171,
      "EM": 0.0,
      "F1": 0.41805704778552527,
      "avg_retrieve_context": 0.07152746373956853,
      "avg_llm_response": 1.0756996154785157,
      "avg_total": 1.147227079218084,
      "sample_size": 40
    },
    "negative_rejection": {
      "answer_relevancy": 0.17848401471289657,
      "faithfulness": 0.55,
      "context_recall": 0.7,
      "context_precision": 0.0,
      "answer_correctness": 0.7977219926666861,
      "EM": 0.6,
      "F1": 0.7857777777777778,
      "avg_retrieve_context": 0.07152746373956853,
      "avg_llm_response": 0.7583101749420166,
      "avg_total": 0.8298376386815851,
      "sample_size": 10
    }
  },
  "chunks_length": {
    "0": {
      "answer_relevancy": 0.17848401471289657,
      "faithfulness": 0.55,
      "context_recall": 0.7,
      "context_precision": 0.0,
      "answer_correctness": 0.7977219926666861,
      "EM": 0.6,
      "F1": 0.7857777777777778,
      "avg_retrieve_context": 0.07152746373956853,
      "avg_llm_response": 0.7583101749420166,